container, id, time, mount
10, 2, 231.502418, bind
10, 3, 270.916986, bind
10, 4, 290.585238, bind
10, 5, 267.657436, bind
10, 6, 277.494127, bind
10, 7, 259.703284, bind
10, 8, 292.4499, bind
10, 9, 282.003683, bind
10, 10, 277.420603, bind
10, 11, 428.088631, bind
1, 1, 215.398278, bind
25, 12, 253.023797, bind
25, 13, 309.009583, bind
25, 14, 312.515938, bind
25, 15, 323.494194, bind
25, 16, 364.962858, bind
25, 17, 672.613121, bind
25, 18, 563.073917, bind
25, 19, 528.820582, bind
25, 20, 604.218669, bind
25, 21, 602.911247, bind
25, 22, 544.364832, bind
25, 23, 598.251795, bind
25, 24, 627.692961, bind
25, 25, 625.988867, bind
25, 26, 620.9854, bind
25, 27, 698.738152, bind
25, 28, 553.801765, bind
25, 29, 589.322659, bind
25, 30, 678.147411, bind
25, 31, 674.950465, bind
25, 32, 632.294065, bind
25, 33, 683.395817, bind
25, 34, 614.649393, bind
25, 35, 695.0328, bind
25, 36, 767.940017, bind
25, 37, 826.130109, bind
50, 190, 248.451238, bind
50, 191, 292.803434, bind
50, 192, 269.872244, bind
50, 193, 306.590337, bind
50, 194, 370.970807, bind
50, 195, 809.095007, bind
50, 196, 636.615337, bind
50, 197, 645.481652, bind
50, 198, 653.939412, bind
50, 199, 671.497244, bind
50, 200, 676.202377, bind
50, 201, 837.349809, bind
50, 202, 865.973849, bind
50, 203, 883.577229, bind
50, 204, 1079.879192, bind
50, 205, 1137.203819, bind
50, 206, 1190.394883, bind
50, 207, 1170.213702, bind
50, 208, 1110.821448, bind
50, 209, 1202.328601, bind
50, 210, 1250.048249, bind
50, 211, 1147.634575, bind
50, 212, 1208.946788, bind
50, 213, 1173.195236, bind
50, 214, 1225.916811, bind
50, 215, 1163.998103, bind
50, 216, 1261.079927, bind
50, 217, 1274.620989, bind
50, 218, 1280.130218, bind
50, 219, 1238.72588, bind
50, 220, 1134.846582, bind
50, 221, 1157.677408, bind
50, 222, 1211.532586, bind
50, 223, 1234.470427, bind
50, 224, 1243.903145, bind
50, 225, 1373.113266, bind
50, 226, 1286.329278, bind
50, 227, 1270.57447, bind
50, 228, 1276.515943, bind
50, 229, 1309.890165, bind
50, 230, 1274.733759, bind
50, 231, 1293.955225, bind
50, 232, 1342.669298, bind
50, 233, 1287.531054, bind
50, 234, 1239.616538, bind
50, 235, 1315.575912, bind
50, 236, 1305.509792, bind
50, 237, 1320.472743, bind
50, 238, 1357.374413, bind
50, 239, 1432.102781, bind
50, 240, 1321.97901, bind
10, 151, 257.463328, ext4
10, 152, 332.498738, ext4
10, 153, 331.130866, ext4
10, 154, 330.524819, ext4
10, 155, 318.465999, ext4
10, 156, 338.5676, ext4
10, 157, 323.093312, ext4
10, 158, 358.603846, ext4
10, 159, 386.26124, ext4
10, 160, 322.786043, ext4
10, 161, 371.8164, ext4
1, 1, 239.321771, ext4
25, 162, 305.103141, ext4
25, 163, 372.67787, ext4
25, 164, 309.205799, ext4
25, 165, 289.014226, ext4
25, 166, 370.098906, ext4
25, 167, 382.442068, ext4
25, 168, 670.716907, ext4
25, 169, 639.593022, ext4
25, 170, 655.200257, ext4
25, 171, 658.33805, ext4
25, 172, 663.265656, ext4
25, 173, 689.1047, ext4
25, 174, 702.284649, ext4
25, 175, 813.224467, ext4
25, 176, 860.450239, ext4
25, 177, 930.987279, ext4
25, 178, 932.299336, ext4
25, 179, 953.261816, ext4
25, 180, 961.88683, ext4
25, 181, 955.666713, ext4
25, 182, 896.286215, ext4
25, 183, 982.295692, ext4
25, 184, 975.458533, ext4
25, 185, 1005.697821, ext4
25, 186, 1024.269222, ext4
25, 187, 607.168022, ext4
50, 38, 258.524383, ext4
50, 39, 272.486763, ext4
50, 40, 303.861538, ext4
50, 41, 288.914863, ext4
50, 42, 1207.613558, ext4
50, 43, 1115.441305, ext4
50, 44, 1219.43923, ext4
50, 45, 1233.832439, ext4
50, 46, 1234.952577, ext4
50, 47, 1286.289469, ext4
50, 48, 1221.056838, ext4
50, 49, 1216.383911, ext4
50, 50, 1211.197903, ext4
50, 51, 1281.823174, ext4
50, 52, 1285.616089, ext4
50, 53, 1266.718157, ext4
50, 54, 1341.19204, ext4
50, 55, 1321.050039, ext4
50, 56, 1266.269799, ext4
50, 57, 1291.780886, ext4
50, 58, 1306.90305, ext4
50, 59, 1301.173116, ext4
50, 60, 1329.280579, ext4
50, 61, 1337.330821, ext4
50, 62, 1327.196637, ext4
50, 63, 1295.595624, ext4
50, 64, 1329.308158, ext4
50, 65, 1375.178296, ext4
50, 66, 1355.407392, ext4
50, 67, 1348.123834, ext4
50, 68, 1355.536185, ext4
50, 69, 1382.613037, ext4
50, 70, 1374.631851, ext4
50, 71, 1392.200263, ext4
50, 72, 1402.273394, ext4
50, 73, 1392.21185, ext4
50, 74, 1370.672946, ext4
50, 75, 1401.916631, ext4
50, 76, 1384.650017, ext4
50, 77, 1422.897923, ext4
50, 78, 1395.095883, ext4
50, 79, 1461.3641, ext4
50, 80, 1420.569125, ext4
50, 81, 1429.896648, ext4
50, 82, 1443.303673, ext4
50, 83, 1485.460296, ext4
50, 84, 1490.541338, ext4
50, 85, 1512.801746, ext4
50, 86, 1536.374314, ext4
50, 87, 1519.444087, ext4
50, 88, 1524.397703, ext4
