50, 38, 258.524383ms, ext4
50, 39, 272.486763ms, ext4
50, 40, 303.861538ms, ext4
50, 41, 288.914863ms, ext4
50, 42, 1.207613558s, ext4
50, 43, 1.115441305s, ext4
50, 44, 1.21943923s, ext4
50, 45, 1.233832439s, ext4
50, 46, 1.234952577s, ext4
50, 47, 1.286289469s, ext4
50, 48, 1.221056838s, ext4
50, 49, 1.216383911s, ext4
50, 50, 1.211197903s, ext4
50, 51, 1.281823174s, ext4
50, 52, 1.285616089s, ext4
50, 53, 1.266718157s, ext4
50, 54, 1.34119204s, ext4
50, 55, 1.321050039s, ext4
50, 56, 1.266269799s, ext4
50, 57, 1.291780886s, ext4
50, 58, 1.30690305s, ext4
50, 59, 1.301173116s, ext4
50, 60, 1.329280579s, ext4
50, 61, 1.337330821s, ext4
50, 62, 1.327196637s, ext4
50, 63, 1.295595624s, ext4
50, 64, 1.329308158s, ext4
50, 65, 1.375178296s, ext4
50, 66, 1.355407392s, ext4
50, 67, 1.348123834s, ext4
50, 68, 1.355536185s, ext4
50, 69, 1.382613037s, ext4
50, 70, 1.374631851s, ext4
50, 71, 1.392200263s, ext4
50, 72, 1.402273394s, ext4
50, 73, 1.39221185s, ext4
50, 74, 1.370672946s, ext4
50, 75, 1.401916631s, ext4
50, 76, 1.384650017s, ext4
50, 77, 1.422897923s, ext4
50, 78, 1.395095883s, ext4
50, 79, 1.4613641s, ext4
50, 80, 1.420569125s, ext4
50, 81, 1.429896648s, ext4
50, 82, 1.443303673s, ext4
50, 83, 1.485460296s, ext4
50, 84, 1.490541338s, ext4
50, 85, 1.512801746s, ext4
50, 86, 1.536374314s, ext4
50, 87, 1.519444087s, ext4
50, 88, 1.524397703s, ext4
